page,line,original,token,property,selector
admin-status,16,#0f172a,⚠️ 미매핑,?,:root
admin-status,17,#1e293b,⚠️ 미매핑,?,:root
admin-status,18,#0c1322,⚠️ 미매핑,?,:root
admin-status,19,#334155,⚠️ 미매핑,border,:root
admin-status,20,#f1f5f9,⚠️ 미매핑,?,:root
admin-status,21,#94a3b8,⚠️ 미매핑,?,:root
admin-status,22,#8b5cf6,⚠️ 미매핑,?,:root
admin-status,23,#ec4899,--aurora-2,?,:root
admin-status,24,#06b6d4,--info,?,:root
admin-status,25,#16a34a,--auto,?,:root
admin-status,26,#2563eb,--staff,?,:root
admin-status,27,#9333ea,⚠️ 미매핑,?,:root
admin-status,28,#dc2626,⚠️ 미매핑,?,:root
admin-status,29,#dc2626,⚠️ 미매핑,?,:root
admin-status,30,#ea580c,⚠️ 미매핑,?,:root
admin-status,31,#ca8a04,--ceo,?,:root
admin-status,33,#16a34a,--auto,?,:root
admin-status,34,"rgba(22,163,74,0.10)",--auto-bg,?,:root
admin-status,35,#86efac,--auto-text,?,:root
admin-status,36,#2563eb,--staff,?,:root
admin-status,37,"rgba(96,165,250,0.10)",--staff-bg,?,:root
admin-status,38,#93c5fd,--staff-text,?,:root
admin-status,39,#ca8a04,--ceo,?,:root
admin-status,40,"rgba(251,191,36,0.10)",--ceo-bg,?,:root
admin-status,41,#fcd34d,--ceo-text,?,:root
admin-status,60,#60a5fa,⚠️ 미매핑,color,.header-title .subtitle a
admin-status,71,"rgba(220,38,38,0.18)",⚠️ 미매핑,background,.deadline-banner
admin-status,71,"rgba(234,88,12,0.10)",⚠️ 미매핑,background,.deadline-banner
admin-status,78,#fca5a5,⚠️ 미매핑,color,.deadline-banner .title
admin-status,79,#cbd5e1,⚠️ 미매핑,color,.deadline-banner .detail
admin-status,83,"rgba(139,92,246,0.10)",⚠️ 미매핑,background,.avg-card
admin-status,83,"rgba(6,182,212,0.05)",⚠️ 미매핑,background,.avg-card
admin-status,84,"rgba(139,92,246,0.3)",⚠️ 미매핑,border,.avg-card
admin-status,106,"rgba(22,163,74,0.4)",⚠️ 미매핑,background,.stat-card.auto
admin-status,107,"rgba(96,165,250,0.4)",⚠️ 미매핑,background,.stat-card.staff
admin-status,108,"rgba(251,191,36,0.4)",⚠️ 미매핑,background,.stat-card.ceo
admin-status,109,"rgba(148,163,184,0.10)",⚠️ 미매핑,background,.stat-card.charter
admin-status,109,"rgba(148,163,184,0.3)",⚠️ 미매핑,background,.stat-card.charter
admin-status,114,#cbd5e1,⚠️ 미매핑,color,.stat-card.charter .stat-label
admin-status,125,"rgba(99,102,241,0.3)",⚠️ 미매핑,box-shadow,.stat-card.active-filter
admin-status,143,"rgba(236, 72, 153, 0.08)",⚠️ 미매핑,background,.top-row.linked-highlight
admin-status,148,"rgba(236,72,153,0.4)",⚠️ 미매핑,box-shadow,"0%, 100%"
admin-status,149,"rgba(236,72,153,0.0)",⚠️ 미매핑,box-shadow,50%
admin-status,164,"rgba(99,102,241,0.6)",⚠️ 미매핑,box-shadow,0%
admin-status,164,"rgba(236,72,153,0.4)",⚠️ 미매핑,box-shadow,0%
admin-status,165,"rgba(99,102,241,0.4)",⚠️ 미매핑,box-shadow,20%
admin-status,165,"rgba(236,72,153,0.5)",⚠️ 미매핑,box-shadow,20%
admin-status,166,"rgba(99,102,241,0)",⚠️ 미매핑,box-shadow,100%
admin-status,166,"rgba(236,72,153,0)",⚠️ 미매핑,box-shadow,100%
admin-status,186,"rgba(22,163,74,0.10)",--auto-bg,background,.next-action
admin-status,186,"rgba(22,163,74,0.04)",⚠️ 미매핑,background,.next-action
admin-status,187,"rgba(22,163,74,0.4)",⚠️ 미매핑,border,.next-action
admin-status,191,"rgba(22,163,74,0.25)",⚠️ 미매핑,background,.next-action-row > .pill
admin-status,194,#fff,--ink,background,.next-action-row > button
admin-status,199,"rgba(22,163,74,0.3)",⚠️ 미매핑,border-top,.next-action-hint
admin-status,204,"rgba(147,51,234,0.12)",⚠️ 미매핑,background,.in-progress-box
admin-status,204,"rgba(147,51,234,0.04)",⚠️ 미매핑,background,.in-progress-box
admin-status,205,"rgba(147,51,234,0.45)",⚠️ 미매핑,border,.in-progress-box
admin-status,212,"rgba(147,51,234,0.28)",⚠️ 미매핑,background,.in-progress-row > .pill
admin-status,212,#c4b5fd,⚠️ 미매핑,background,.in-progress-row > .pill
admin-status,223,"rgba(147,51,234,0.85)",⚠️ 미매핑,background,.in-progress-row > button
admin-status,223,#fff,--ink,background,.in-progress-row > button
admin-status,226,"rgba(147,51,234,1)",⚠️ 미매핑,background,.in-progress-row > button:hover
admin-status,229,"rgba(147,51,234,0.3)",⚠️ 미매핑,border-top,.in-progress-meta
admin-status,233,"rgba(196,181,253,0.7)",⚠️ 미매핑,color,.in-progress-meta .item .label
admin-status,238,"rgba(147,51,234,0.3)",⚠️ 미매핑,border-top,.in-progress-progress
admin-status,246,"rgba(196,181,253,0.85)",⚠️ 미매핑,color,.in-progress-progress .pp-head
admin-status,251,#fff,--ink,color,.in-progress-progress .pp-head:hover
admin-status,257,"rgba(196,181,253,0.6)",⚠️ 미매핑,color,.in-progress-progress .pp-toggle
admin-status,261,#c4b5fd,⚠️ 미매핑,color,.in-progress-progress .pp-percent
admin-status,264,"rgba(147,51,234,0.15)",⚠️ 미매핑,background,.in-progress-progress .pp-bar
admin-status,269,#a855f7,⚠️ 미매핑,background,.in-progress-progress .pp-bar-fill
admin-status,269,#ec4899,--aurora-2,background,.in-progress-progress .pp-bar-fill
admin-status,285,"rgba(196,181,253,0.85)",⚠️ 미매핑,color,.in-progress-progress .pp-step.done
admin-status,287,#fff,--ink,color,.in-progress-progress .pp-step.current
admin-status,288,"rgba(147,51,234,0.18)",⚠️ 미매핑,background,.in-progress-progress .pp-step.current
admin-status,290,#ec4899,--aurora-2,border-left,.in-progress-progress .pp-step.current
admin-status,297,"rgba(147,51,234,0.3)",⚠️ 미매핑,border-top,.in-progress-recent
admin-status,301,"rgba(196,181,253,0.85)",⚠️ 미매핑,color,.in-progress-recent .label-row
admin-status,308,#c4b5fd,⚠️ 미매핑,color,.in-progress-recent .commit-row .hash
admin-status,318,#a855f7,⚠️ 미매핑,border-left,.auto-queue-card.in-progress-card
admin-status,319,"rgba(147,51,234,0.10)",⚠️ 미매핑,background,.auto-queue-card.in-progress-card
admin-status,319,"rgba(147,51,234,0.02)",⚠️ 미매핑,background,.auto-queue-card.in-progress-card
admin-status,322,"rgba(147,51,234,0.25)",⚠️ 미매핑,background,.auto-queue-card.in-progress-card .auto-queue-num
admin-status,322,#c4b5fd,⚠️ 미매핑,background,.auto-queue-card.in-progress-card .auto-queue-num
admin-status,337,"rgba(15,23,42,0.4)",⚠️ 미매핑,background,.cat-progress-section
admin-status,338,"rgba(99,102,241,0.18)",⚠️ 미매핑,border,.cat-progress-section
admin-status,347,"rgba(99,102,241,0.2)",⚠️ 미매핑,border-bottom,.cat-progress-header
admin-status,356,"rgba(236,72,153,0.2)",⚠️ 미매핑,border,.cat-card.expanded
admin-status,357,"rgba(202,138,4,0.4)",⚠️ 미매핑,border-color,.cat-card.warn
admin-status,386,"rgba(96,165,250,0.05)",⚠️ 미매핑,background,.urgent-card
admin-status,395,"rgba(220,38,38,0.2)",⚠️ 미매핑,background,.urgent-pill.p0
admin-status,395,#fca5a5,⚠️ 미매핑,background,.urgent-pill.p0
admin-status,396,"rgba(234,88,12,0.2)",⚠️ 미매핑,background,.urgent-pill.p1
admin-status,396,#fb923c,⚠️ 미매핑,background,.urgent-pill.p1
admin-status,397,"rgba(202,138,4,0.2)",⚠️ 미매핑,background,.urgent-pill.p2
admin-status,397,#fcd34d,--ceo-text,background,.urgent-pill.p2
admin-status,398,"rgba(147,51,234,0.2)",⚠️ 미매핑,background,.urgent-pill.in_progress
admin-status,398,#c4b5fd,⚠️ 미매핑,background,.urgent-pill.in_progress
admin-status,399,"rgba(37,99,235,0.2)",⚠️ 미매핑,background,.urgent-pill.pending
admin-status,399,#93c5fd,--staff-text,background,.urgent-pill.pending
admin-status,400,"rgba(220,38,38,0.2)",⚠️ 미매핑,background,.urgent-pill.blocked
admin-status,400,#fca5a5,⚠️ 미매핑,background,.urgent-pill.blocked
admin-status,401,"rgba(148,163,184,0.15)",⚠️ 미매핑,background,.urgent-pill.cat
admin-status,401,#cbd5e1,⚠️ 미매핑,background,.urgent-pill.cat
admin-status,406,"rgba(22,163,74,0.04)",⚠️ 미매핑,background,.urgent-empty
admin-status,418,"rgba(34,197,94,0.08)",⚠️ 미매핑,background,.auto-queue-card
admin-status,418,"rgba(34,197,94,0.02)",⚠️ 미매핑,background,.auto-queue-card
admin-status,419,"rgba(34,197,94,0.25)",⚠️ 미매핑,border,.auto-queue-card
admin-status,420,#22c55e,⚠️ 미매핑,border-left,.auto-queue-card
admin-status,434,"rgba(34,197,94,0.20)",⚠️ 미매핑,background,.auto-queue-order
admin-status,435,#86efac,--auto-text,color,.auto-queue-order
admin-status,444,"rgba(239,68,68,0.20)",⚠️ 미매핑,background,.auto-queue-card.p0 .auto-queue-order
admin-status,444,#fca5a5,⚠️ 미매핑,background,.auto-queue-card.p0 .auto-queue-order
admin-status,445,"rgba(249,115,22,0.20)",⚠️ 미매핑,background,.auto-queue-card.p1 .auto-queue-order
admin-status,445,#fdba74,⚠️ 미매핑,background,.auto-queue-card.p1 .auto-queue-order
admin-status,448,#4ade80,⚠️ 미매핑,color,.auto-queue-card:hover
admin-status,449,"rgba(34,197,94,0.15)",⚠️ 미매핑,box-shadow,.auto-queue-card:hover
admin-status,451,"rgba(239,68,68,0.10)",⚠️ 미매핑,color,.auto-queue-card.p0
admin-status,451,"rgba(239,68,68,0.02)",⚠️ 미매핑,color,.auto-queue-card.p0
admin-status,451,#ef4444,--danger,color,.auto-queue-card.p0
admin-status,452,"rgba(249,115,22,0.10)",⚠️ 미매핑,color,.auto-queue-card.p1
admin-status,452,"rgba(249,115,22,0.02)",⚠️ 미매핑,color,.auto-queue-card.p1
admin-status,452,#f97316,⚠️ 미매핑,color,.auto-queue-card.p1
admin-status,455,"rgba(34,197,94,0.2)",⚠️ 미매핑,background,.auto-queue-bot-pill
admin-status,456,#86efac,--auto-text,color,.auto-queue-bot-pill
admin-status,469,"rgba(34,197,94,0.18)",⚠️ 미매핑,background,.auto-queue-action
admin-status,470,#86efac,--auto-text,color,.auto-queue-action
admin-status,475,"rgba(34,197,94,0.3)",⚠️ 미매핑,background,.auto-queue-card:hover .auto-queue-action
admin-status,475,#4ade80,⚠️ 미매핑,background,.auto-queue-card:hover .auto-queue-action
admin-status,481,"rgba(34,197,94,0.05)",⚠️ 미매핑,background,.auto-queue-empty
admin-status,482,"rgba(34,197,94,0.2)",⚠️ 미매핑,border,.auto-queue-empty
admin-status,490,"rgba(34,197,94,0.95)",⚠️ 미매핑,background,.auto-queue-toast
admin-status,490,"rgba(22,163,74,0.95)",⚠️ 미매핑,background,.auto-queue-toast
admin-status,491,#fff,--ink,color,.auto-queue-toast
admin-status,496,"rgba(0,0,0,0.4)",--sh-shadow-strong,box-shadow,.auto-queue-toast
admin-status,519,"rgba(255,255,255,0.05)",--glass,background,.progress-row-bar
admin-status,535,#60a5fa,⚠️ 미매핑,color,.integ-kpi .k-num.dday
admin-status,537,#c4b5fd,⚠️ 미매핑,color,.integ-kpi .k-num.active
admin-status,543,"rgba(251,191,36,0.06)",⚠️ 미매핑,background,.ceo-wait-box
admin-status,543,"rgba(251,191,36,0.4)",⚠️ 미매핑,background,.ceo-wait-box
admin-status,550,"rgba(251,191,36,0.04)",⚠️ 미매핑,background,.ceo-wait-item
admin-status,553,"rgba(220,38,38,0.2)",⚠️ 미매핑,background,.pri-pill.p0
admin-status,553,#fca5a5,⚠️ 미매핑,background,.pri-pill.p0
admin-status,554,"rgba(234,88,12,0.2)",⚠️ 미매핑,background,.pri-pill.p1
admin-status,554,#fb923c,⚠️ 미매핑,background,.pri-pill.p1
admin-status,555,"rgba(202,138,4,0.2)",⚠️ 미매핑,background,.pri-pill.p2
admin-status,555,#fcd34d,--ceo-text,background,.pri-pill.p2
admin-status,566,"rgba(96,165,250,0.05)",⚠️ 미매핑,background,.top-row
admin-status,571,"rgba(99,102,241,0.12)",⚠️ 미매핑,background,.top-row[data-page-path]:hover
admin-status,585,"rgba(220,38,38,0.10)",⚠️ 미매핑,background,.top-row.crit-1
admin-status,586,"rgba(202,138,4,0.08)",⚠️ 미매핑,background,.top-row.crit-2
admin-status,591,#60a5fa,⚠️ 미매핑,color,.top-row .score.s-high
admin-status,597,"rgba(22,163,74,0.2)",⚠️ 미매핑,background,.state-pill.auto
admin-status,598,"rgba(96,165,250,0.2)",⚠️ 미매핑,background,.state-pill.staff
admin-status,599,"rgba(251,191,36,0.2)",⚠️ 미매핑,background,.state-pill.ceo
admin-status,600,"rgba(148,163,184,0.2)",⚠️ 미매핑,background,.state-pill.hold
admin-status,600,#cbd5e1,⚠️ 미매핑,background,.state-pill.hold
admin-status,609,#60a5fa,⚠️ 미매핑,color,.footer .commit
admin-status,620,#fff,--ink,background,.activity-filter-btn.active
admin-status,625,"rgba(96,165,250,0.04)",⚠️ 미매핑,background,.activity-row
admin-status,627,"rgba(251,191,36,0.04)",⚠️ 미매핑,background,.activity-row.ceo
admin-status,628,"rgba(22,163,74,0.04)",⚠️ 미매핑,background,.activity-row.bot
admin-status,629,"rgba(96,165,250,0.07)",⚠️ 미매핑,background,.activity-row.staff
admin-status,636,"rgba(96,165,250,0.10)",--staff-bg,background,.activity-row:hover
admin-status,637,"rgba(251,191,36,0.10)",--ceo-bg,background,.activity-row.ceo:hover
admin-status,638,"rgba(22,163,74,0.10)",--auto-bg,background,.activity-row.bot:hover
admin-status,645,"rgba(0,0,0,0.25)",⚠️ 미매핑,background,.activity-expand
admin-status,660,#fff,--ink,background,.activity-tab.active
admin-status,664,"rgba(0,0,0,0.35)",⚠️ 미매핑,background,.activity-tab-pane pre
admin-status,673,"rgba(0,0,0,0.4)",--sh-shadow-strong,background,.activity-tab-pane code
admin-status,679,#4ade80,⚠️ 미매핑,color,.activity-tab-pane .file-line .add
admin-status,680,#f87171,⚠️ 미매핑,color,.activity-tab-pane .file-line .del
admin-status,687,"rgba(22,163,74,0.20)",⚠️ 미매핑,background,.poll-toast
admin-status,687,#4ade80,⚠️ 미매핑,background,.poll-toast
admin-status,688,#4ade80,⚠️ 미매핑,border,.poll-toast
admin-status,696,"rgba(0,0,0,0.5)",⚠️ 미매핑,background,.poll-status
admin-status,701,#fbbf24,⚠️ 미매핑,color,.poll-status.paused
admin-status,701,#fbbf24,⚠️ 미매핑,color,.poll-status.paused
admin-status,765,"rgba(15,23,42,0.55)",⚠️ 미매핑,background,.os-sidebar
admin-status,766,"rgba(99,102,241,0.22)",⚠️ 미매핑,border,.os-sidebar
admin-status,777,"rgba(99,102,241,0.18)",⚠️ 미매핑,border-bottom,.os-sidebar .os-sb-area-label
admin-status,787,"rgba(99,102,241,0.12)",⚠️ 미매핑,background,.os-sidebar .os-sb-menu:hover
admin-status,787,#c7d2fe,⚠️ 미매핑,background,.os-sidebar .os-sb-menu:hover
admin-status,788,"rgba(99,102,241,0.18)",⚠️ 미매핑,background,.os-sidebar .os-sb-menu.active
admin-status,788,#a5b4fc,⚠️ 미매핑,background,.os-sidebar .os-sb-menu.active
admin-status,793,"rgba(251,191,36,0.06)",⚠️ 미매핑,background,.os-sidebar .os-sb-empty
admin-status,793,"rgba(251,191,36,0.25)",⚠️ 미매핑,background,.os-sidebar .os-sb-empty
admin-status,797,#f5d97b,⚠️ 미매핑,color,.os-sidebar .os-sb-warn
admin-status,798,"rgba(251,191,36,0.08)",⚠️ 미매핑,background,.os-sidebar .os-sb-warn
admin-status,803,"rgba(148,163,184,0.15)",⚠️ 미매핑,border-top,.os-sidebar .os-sb-poll
admin-status,824,"rgba(255,255,255,0.1)",⚠️ 미매핑,border-bottom,.os-sidebar
admin-status,825,#222,⚠️ 미매핑,background,.os-sidebar
admin-status,825,#888,⚠️ 미매핑,background,.os-sidebar
admin-status,831,#666,⚠️ 미매핑,color,"onclick=""(function()"
admin-status,834,#1a1a1a,⚠️ 미매핑,background,"onclick=""(function()"
admin-status,834,#ccc,⚠️ 미매핑,background,"onclick=""(function()"
admin-status,836,"rgba(255,255,255,0.1)",⚠️ 미매핑,border-bottom,"onclick=""(function()"
admin-status,843,#0a3d12,⚠️ 미매핑,?,function colorMap(s)
admin-status,843,#7be58a,⚠️ 미매핑,?,function colorMap(s)
admin-status,843,#3d2f0a,⚠️ 미매핑,?,function colorMap(s)
admin-status,843,#f5d97b,⚠️ 미매핑,?,function colorMap(s)
admin-status,843,#3d0a0a,⚠️ 미매핑,?,function colorMap(s)
admin-status,843,#f57b7b,⚠️ 미매핑,?,function colorMap(s)
admin-status,843,#1a1a1a,⚠️ 미매핑,?,function colorMap(s)
admin-status,843,#888,⚠️ 미매핑,?,function colorMap(s)
admin-status,843,#222,⚠️ 미매핑,?,function colorMap(s)
admin-status,843,#888,⚠️ 미매핑,?,function colorMap(s)
admin-status,1001,#60a5fa,⚠️ 미매핑,color,.catch(function()
admin-status,1076,"rgba(99,102,241,0.06)",⚠️ 미매핑,?,.command-center
admin-status,1077,"rgba(168,85,247,0.06)",⚠️ 미매핑,?,.command-center
admin-status,1078,"rgba(236,72,153,0.06)",⚠️ 미매핑,?,.command-center
admin-status,1079,"rgba(99,102,241,0.25)",⚠️ 미매핑,border,.command-center
admin-status,1081,"rgba(99,102,241,0.08)",⚠️ 미매핑,box-shadow,.command-center
admin-status,1089,"rgba(99,102,241,0.2)",⚠️ 미매핑,border-bottom,.cc-header
admin-status,1094,#6366f1,⚠️ 미매핑,color,.cc-title
admin-status,1099,#64748b,⚠️ 미매핑,color,.cc-hint
admin-status,1105,#94a3b8,⚠️ 미매핑,color,.cc-poll-status
admin-status,1107,"rgba(99,102,241,0.08)",⚠️ 미매핑,background,.cc-poll-status
admin-status,1114,#10b981,--success,color,.cc-poll-status.cc-poll-active
admin-status,1115,"rgba(16,185,129,0.12)",⚠️ 미매핑,background,.cc-poll-status.cc-poll-active
admin-status,1126,"rgba(99,102,241,0.06)",⚠️ 미매핑,background,.cc-kpi
admin-status,1127,"rgba(99,102,241,0.18)",⚠️ 미매핑,border,.cc-kpi
admin-status,1135,"rgba(99,102,241,0.1)",⚠️ 미매핑,background,.cc-kpi:hover
admin-status,1138,#94a3b8,⚠️ 미매핑,color,.cc-kpi-label
admin-status,1146,#e2e8f0,⚠️ 미매핑,color,.cc-kpi-num
admin-status,1148,#22c55e,⚠️ 미매핑,color,.cc-kpi-done .cc-kpi-num
admin-status,1149,#c4b5fd,⚠️ 미매핑,color,.cc-kpi-active .cc-kpi-num
admin-status,1150,#ef4444,--danger,color,.cc-kpi-blocked .cc-kpi-num
admin-status,1153,#64748b,⚠️ 미매핑,color,.cc-kpi-sub
admin-status,1167,#1e293b,⚠️ 미매핑,color,.cc-slot-label
admin-status,1170,"rgba(255,255,255,0.5)",⚠️ 미매핑,background,.cc-slot-label
admin-status,1172,#6366f1,⚠️ 미매핑,border-left,.cc-slot-label
admin-status,1174,#f59e0b,--warn,color,.cc-slot#cc-slot-ceo .cc-slot-label
admin-status,1175,#6366f1,⚠️ 미매핑,color,.cc-slot#cc-slot-auto .cc-slot-label
admin-status,1176,#10b981,--success,color,.cc-slot#cc-slot-staff .cc-slot-label
admin-status,1182,#94a3b8,⚠️ 미매핑,color,".cc-loading, .cc-empty"
admin-status,1193,"rgba(16,185,129,0.06)",⚠️ 미매핑,background,.cc-staff-card
admin-status,1194,"rgba(16,185,129,0.3)",⚠️ 미매핑,border,.cc-staff-card
admin-status,1201,"rgba(16,185,129,0.12)",⚠️ 미매핑,background,.cc-staff-card:hover
admin-status,1202,"rgba(16,185,129,0.6)",⚠️ 미매핑,border-color,.cc-staff-card:hover
admin-status,1207,#059669,⚠️ 미매핑,color,.cc-staff-card .cc-card-id
admin-status,1213,#1e293b,⚠️ 미매핑,color,.cc-staff-card .cc-card-title
admin-status,1223,#64748b,⚠️ 미매핑,color,.cc-staff-card .cc-card-meta
admin-status,1233,#fee2e2,⚠️ 미매핑,background,.cc-staff-card .cc-card-priority.P0
admin-status,1233,#dc2626,⚠️ 미매핑,background,.cc-staff-card .cc-card-priority.P0
admin-status,1234,#fed7aa,⚠️ 미매핑,background,.cc-staff-card .cc-card-priority.P1
admin-status,1234,#ea580c,⚠️ 미매핑,background,.cc-staff-card .cc-card-priority.P1
admin-status,1235,#fef3c7,⚠️ 미매핑,background,.cc-staff-card .cc-card-priority.P2
admin-status,1235,#ca8a04,--ceo,background,.cc-staff-card .cc-card-priority.P2
admin-status,1236,#e5e7eb,⚠️ 미매핑,background,.cc-staff-card .cc-card-priority.P3
admin-status,1236,#6b7280,⚠️ 미매핑,background,.cc-staff-card .cc-card-priority.P3
admin-status,1241,"rgba(255,255,255,0.7)",⚠️ 미매핑,background,.cc-staff-card .cc-card-started-by
admin-status,1248,"rgba(96,165,250,0.18)",⚠️ 미매핑,background,.cc-staff-card .cc-card-action
admin-status,1249,#60a5fa,⚠️ 미매핑,color,.cc-staff-card .cc-card-action
admin-status,1255,"rgba(96,165,250,0.32)",⚠️ 미매핑,background,.cc-staff-card:hover .cc-card-action
admin-status,1256,#93c5fd,--staff-text,color,.cc-staff-card:hover .cc-card-action
admin-status,1271,"rgba(15,23,42,0.95)",⚠️ 미매핑,background,.cc-toast
admin-status,1277,"rgba(0,0,0,0.2)",⚠️ 미매핑,box-shadow,.cc-toast
admin-status,1287,"rgba(220,38,38,0.95)",⚠️ 미매핑,background,.cc-toast.error
admin-status,1288,"rgba(16,185,129,0.95)",⚠️ 미매핑,background,.cc-toast.success
admin-status,1303,"rgba(15,23,42,0.55)",⚠️ 미매핑,background,.ceo-decision-backdrop
admin-status,1316,"rgba(0,0,0,0.25)",⚠️ 미매핑,box-shadow,.ceo-decision-panel
admin-status,1341,#e2e8f0,⚠️ 미매핑,border-right,.cd-left
admin-status,1347,#e2e8f0,⚠️ 미매핑,border-bottom,.cd-left
admin-status,1353,#64748b,⚠️ 미매핑,color,.cd-col-h
admin-status,1359,#6d28d9,⚠️ 미매핑,color,.cd-right .cd-col-h
admin-status,1363,"rgba(139,92,246,0.04)",⚠️ 미매핑,background,.cd-right-placeholder
admin-status,1363,"rgba(236,72,153,0.04)",⚠️ 미매핑,background,.cd-right-placeholder
admin-status,1364,"rgba(139,92,246,0.3)",⚠️ 미매핑,border,.cd-right-placeholder
admin-status,1368,#94a3b8,⚠️ 미매핑,color,.cd-right-placeholder
admin-status,1376,#6d28d9,⚠️ 미매핑,color,.cd-right-placeholder .ph-title
admin-status,1386,"rgba(139,92,246,0.04)",⚠️ 미매핑,background,.grim-slot-wrap
admin-status,1386,"rgba(236,72,153,0.04)",⚠️ 미매핑,background,.grim-slot-wrap
admin-status,1387,"rgba(139,92,246,0.18)",⚠️ 미매핑,border,.grim-slot-wrap
admin-status,1392,#6d28d9,⚠️ 미매핑,color,.grim-slot-intro
admin-status,1395,"rgba(255,255,255,0.65)",⚠️ 미매핑,background,.grim-slot-intro
admin-status,1398,"rgba(139,92,246,0.25)",⚠️ 미매핑,border,.grim-slot-intro
admin-status,1401,#5b21b6,⚠️ 미매핑,color,.grim-slot-intro strong
admin-status,1409,#94a3b8,⚠️ 미매핑,color,.grim-rounds-empty
admin-status,1416,#e2e8f0,⚠️ 미매핑,border,.grim-round
admin-status,1425,#94a3b8,⚠️ 미매핑,color,.grim-round-h
admin-status,1431,#ede9fe,⚠️ 미매핑,background,.grim-round-num
admin-status,1431,#6d28d9,⚠️ 미매핑,background,.grim-round-num
admin-status,1437,#cbd5e1,⚠️ 미매핑,color,.grim-round-del
admin-status,1442,#fef2f2,⚠️ 미매핑,background,.grim-round-del:hover
admin-status,1442,#ef4444,--danger,background,.grim-round-del:hover
admin-status,1459,#fef9c3,⚠️ 미매핑,background,.grim-line-tag.ceo
admin-status,1459,#854d0e,⚠️ 미매핑,background,.grim-line-tag.ceo
admin-status,1462,#ede9fe,⚠️ 미매핑,background,.grim-line-tag.claude
admin-status,1462,#6d28d9,⚠️ 미매핑,background,.grim-line-tag.claude
admin-status,1466,#1e293b,⚠️ 미매핑,color,.grim-line-text
admin-status,1472,#fefce8,⚠️ 미매핑,background,".grim-line-text[contenteditable=""true""]"
admin-status,1475,#fde68a,⚠️ 미매핑,border,".grim-line-text[contenteditable=""true""]"
admin-status,1479,#fef9c3,⚠️ 미매핑,background,".grim-line-text[contenteditable=""true""]:focus"
admin-status,1480,#ca8a04,--ceo,border-color,".grim-line-text[contenteditable=""true""]:focus"
admin-status,1484,#cbd5e1,⚠️ 미매핑,color,.grim-line-text:empty::before
admin-status,1490,"rgba(139,92,246,0.2)",⚠️ 미매핑,border-top,.grim-actions
admin-status,1495,"rgba(139,92,246,0.3)",⚠️ 미매핑,border,.grim-btn
admin-status,1497,#6d28d9,⚠️ 미매핑,color,.grim-btn
admin-status,1506,#ede9fe,⚠️ 미매핑,background,.grim-btn:hover
admin-status,1507,#6d28d9,⚠️ 미매핑,border-color,.grim-btn:hover
admin-status,1511,#8b5cf6,⚠️ 미매핑,background,.grim-btn.primary
admin-status,1511,#ec4899,--aurora-2,background,.grim-btn.primary
admin-status,1516,"rgba(139,92,246,0.35)",⚠️ 미매핑,box-shadow,.grim-btn.primary:hover
admin-status,1523,#94a3b8,⚠️ 미매핑,color,.grim-save-status
admin-status,1530,#16a34a,--auto,color,.grim-save-status.saved
admin-status,1531,#ca8a04,--ceo,color,.grim-save-status.saving
admin-status,1542,#f1f5f9,⚠️ 미매핑,background,.ceo-decision-pill
admin-status,1542,#475569,⚠️ 미매핑,background,.ceo-decision-pill
admin-status,1544,#fee2e2,⚠️ 미매핑,background,.ceo-decision-pill.pri.p0
admin-status,1544,#dc2626,⚠️ 미매핑,background,.ceo-decision-pill.pri.p0
admin-status,1545,#fed7aa,⚠️ 미매핑,background,.ceo-decision-pill.pri.p1
admin-status,1545,#ea580c,⚠️ 미매핑,background,.ceo-decision-pill.pri.p1
admin-status,1546,#fef3c7,⚠️ 미매핑,background,.ceo-decision-pill.pri.p2
admin-status,1546,#ca8a04,--ceo,background,.ceo-decision-pill.pri.p2
admin-status,1547,#e5e7eb,⚠️ 미매핑,background,.ceo-decision-pill.pri.p3
admin-status,1547,#6b7280,⚠️ 미매핑,background,.ceo-decision-pill.pri.p3
admin-status,1548,#ede9fe,⚠️ 미매핑,background,.ceo-decision-pill.cat
admin-status,1548,#6d28d9,⚠️ 미매핑,background,.ceo-decision-pill.cat
admin-status,1550,#94a3b8,⚠️ 미매핑,color,.ceo-decision-id
admin-status,1555,#64748b,⚠️ 미매핑,color,.ceo-decision-close
admin-status,1558,#f1f5f9,⚠️ 미매핑,background,.ceo-decision-close:hover
admin-status,1558,#1e293b,⚠️ 미매핑,background,.ceo-decision-close:hover
admin-status,1561,#0f172a,⚠️ 미매핑,color,.ceo-decision-title
admin-status,1566,#f1f5f9,⚠️ 미매핑,border-top,.ceo-decision-section
admin-status,1570,#64748b,⚠️ 미매핑,color,.ceo-decision-section-h
admin-status,1575,#334155,⚠️ 미매핑,color,.ceo-decision-reasons
admin-status,1579,#94a3b8,⚠️ 미매핑,color,.ceo-decision-reasons-empty
admin-status,1587,#f8fafc,⚠️ 미매핑,background,.ceo-decision-btn
admin-status,1588,#e2e8f0,⚠️ 미매핑,border,.ceo-decision-btn
admin-status,1595,#6366f1,⚠️ 미매핑,border-color,.ceo-decision-btn:hover
admin-status,1596,#eef2ff,⚠️ 미매핑,background,.ceo-decision-btn:hover
admin-status,1600,#6366f1,⚠️ 미매핑,border-color,.ceo-decision-btn.primary
admin-status,1601,#eef2ff,⚠️ 미매핑,background,.ceo-decision-btn.primary
admin-status,1604,#e0e7ff,⚠️ 미매핑,background,.ceo-decision-btn.primary:hover
admin-status,1607,#10b981,--success,border-color,.ceo-decision-btn.ok
admin-status,1610,#10b981,--success,border-color,.ceo-decision-btn.ok:hover
admin-status,1611,#ecfdf5,⚠️ 미매핑,background,.ceo-decision-btn.ok:hover
admin-status,1615,#1e293b,⚠️ 미매핑,color,.ceo-decision-btn-h
admin-status,1618,#64748b,⚠️ 미매핑,color,.ceo-decision-btn-d
admin-status,1623,#f8fafc,⚠️ 미매핑,background,.ceo-decision-input-wrap
admin-status,1625,#e2e8f0,⚠️ 미매핑,border,.ceo-decision-input-wrap
admin-status,1634,#cbd5e1,⚠️ 미매핑,border,.ceo-decision-textarea
admin-status,1637,#0f172a,⚠️ 미매핑,color,.ceo-decision-textarea
admin-status,1643,#6366f1,⚠️ 미매핑,border-color,.ceo-decision-textarea:focus
admin-status,1644,"rgba(99,102,241,0.15)",⚠️ 미매핑,box-shadow,.ceo-decision-textarea:focus
admin-status,1653,#e2e8f0,⚠️ 미매핑,border,.ceo-decision-btn-mini
admin-status,1656,#1e293b,⚠️ 미매핑,color,.ceo-decision-btn-mini
admin-status,1661,#6366f1,⚠️ 미매핑,background,.ceo-decision-btn-mini.primary
admin-status,1662,#6366f1,⚠️ 미매핑,border-color,.ceo-decision-btn-mini.primary
admin-status,1666,#4f46e5,⚠️ 미매핑,background,.ceo-decision-btn-mini.primary:hover
admin-status,1670,#64748b,⚠️ 미매핑,color,.ceo-decision-btn-mini.cancel
admin-status,1673,#f1f5f9,⚠️ 미매핑,background,.ceo-decision-btn-mini.cancel:hover
admin-status,1689,#fefce8,⚠️ 미매핑,background,.ceo-decision-ctx
admin-status,1689,#fef9c3,⚠️ 미매핑,background,.ceo-decision-ctx
admin-status,1690,#fde68a,⚠️ 미매핑,border,.ceo-decision-ctx
admin-status,1695,#a16207,⚠️ 미매핑,color,.ceo-decision-ctx-h
admin-status,1700,#422006,⚠️ 미매핑,color,.ceo-decision-ctx-text
admin-status,1714,"rgba(255,255,255,0.7)",⚠️ 미매핑,background,.opt-card
admin-status,1723,"rgba(255,255,255,0.95)",⚠️ 미매핑,background,.opt-card:hover
admin-status,1724,"rgba(202,138,4,0.3)",⚠️ 미매핑,border-color,.opt-card:hover
admin-status,1728,#fef9c3,⚠️ 미매핑,background,.opt-card.selected
admin-status,1729,#ca8a04,--ceo,border-color,.opt-card.selected
admin-status,1730,"rgba(202,138,4,0.2)",⚠️ 미매핑,box-shadow,.opt-card.selected
admin-status,1733,#ca8a04,--ceo,background,.opt-card.selected .opt-label
admin-status,1740,"rgba(202,138,4,0.15)",⚠️ 미매핑,background,.opt-label
admin-status,1741,#854d0e,⚠️ 미매핑,color,.opt-label
admin-status,1748,#422006,⚠️ 미매핑,color,.opt-text
admin-status,1752,#1e293b,⚠️ 미매핑,color,.opt-card.selected .opt-text
admin-status,1760,#94a3b8,⚠️ 미매핑,color,.opt-cards-empty
admin-status,1765,#1e293b,⚠️ 미매핑,color,.ceo-decision-ctx-rec
admin-status,1767,#fef3c7,⚠️ 미매핑,background,.ceo-decision-ctx-rec
admin-status,1769,#ca8a04,--ceo,border,.ceo-decision-ctx-rec
admin-status,1777,#f8fafc,⚠️ 미매핑,background,.ceo-decision-ctx-pending
admin-status,1778,#cbd5e1,⚠️ 미매핑,border,.ceo-decision-ctx-pending
admin-status,1783,#64748b,⚠️ 미매핑,color,.ceo-decision-ctx-pending-msg
admin-status,1890,#86efac,--auto-text,color,.ceo-decision-ctx-pending-msg
admin-status,1917,"rgba(99,102,241,0.08)",⚠️ 미매핑,color,.ceo-decision-ctx-pending-msg
admin-status,1917,"rgba(99,102,241,0.3)",⚠️ 미매핑,color,.ceo-decision-ctx-pending-msg
admin-status,1973,"rgba(148,163,184,.15)",⚠️ 미매핑,background,.ceo-decision-ctx-pending-msg
admin-status,1973,#94a3b8,⚠️ 미매핑,background,.ceo-decision-ctx-pending-msg
admin-status,2000,#60a5fa,⚠️ 미매핑,color,.ceo-decision-ctx-pending-msg
admin-status,2009,"rgba(255,255,255,0.05)",--glass,color,.ceo-decision-ctx-pending-msg
admin-status,2145,#60a5fa,⚠️ 미매핑,color,const c = d.counts ||
admin-status,2186,#60a5fa,⚠️ 미매핑,?,"function renderCard(m, catNum)"
admin-status,2253,"rgba(22,163,74,0.10)",--auto-bg,background,"const dimCard = (label, key) =>"
admin-status,2260,"rgba(251,191,36,0.10)",--ceo-bg,background,"const dimCard = (label, key) =>"
admin-status,2260,"rgba(251,191,36,0.4)",⚠️ 미매핑,background,"const dimCard = (label, key) =>"
admin-status,2260,#fcd34d,--ceo-text,background,"const dimCard = (label, key) =>"
admin-status,2276,#fca5a5,⚠️ 미매핑,color,$
admin-status,2284,#60a5fa,⚠️ 미매핑,color,"페이지로 이동 → <a href=""$"
admin-status,2295,"rgba(148,163,184,0.06)",⚠️ 미매핑,color,if (ts.length === 0)
admin-status,2329,"rgba(99,102,241,0.3)",⚠️ 미매핑,color,"const more = ts.length > 12 ? `<a href=""/admin-tasks.html?ca"
admin-status,2639,"rgba(0,0,0,0.85)",⚠️ 미매핑,background,"function showClipboardFallbackModal(text, taskId, taskTitle,"
admin-status,2641,"rgba(147,51,234,0.5)",⚠️ 미매핑,background,"function showClipboardFallbackModal(text, taskId, taskTitle,"
admin-status,2641,"rgba(0,0,0,0.5)",⚠️ 미매핑,background,"function showClipboardFallbackModal(text, taskId, taskTitle,"
admin-status,2641,#1a1a1a,⚠️ 미매핑,background,"function showClipboardFallbackModal(text, taskId, taskTitle,"
admin-status,2643,#c4b5fd,⚠️ 미매핑,color,"function showClipboardFallbackModal(text, taskId, taskTitle,"
admin-status,2644,#9ca3af,⚠️ 미매핑,background,"function showClipboardFallbackModal(text, taskId, taskTitle,"
admin-status,2646,#9ca3af,⚠️ 미매핑,color,"function showClipboardFallbackModal(text, taskId, taskTitle,"
admin-status,2647,#c4b5fd,⚠️ 미매핑,color,"function showClipboardFallbackModal(text, taskId, taskTitle,"
admin-status,2650,"rgba(147,51,234,0.3)",⚠️ 미매핑,background,"function showClipboardFallbackModal(text, taskId, taskTitle,"
admin-status,2650,#0a0a0a,⚠️ 미매핑,background,"function showClipboardFallbackModal(text, taskId, taskTitle,"
admin-status,2650,#e5e7eb,⚠️ 미매핑,background,"function showClipboardFallbackModal(text, taskId, taskTitle,"
admin-status,2652,"rgba(147,51,234,0.2)",⚠️ 미매핑,background,"function showClipboardFallbackModal(text, taskId, taskTitle,"
admin-status,2652,"rgba(147,51,234,0.6)",⚠️ 미매핑,background,"function showClipboardFallbackModal(text, taskId, taskTitle,"
admin-status,2652,#c4b5fd,⚠️ 미매핑,background,"function showClipboardFallbackModal(text, taskId, taskTitle,"
admin-status,2653,"rgba(255,255,255,0.05)",--glass,background,"function showClipboardFallbackModal(text, taskId, taskTitle,"
admin-status,2653,"rgba(255,255,255,0.15)",⚠️ 미매핑,background,"function showClipboardFallbackModal(text, taskId, taskTitle,"
admin-status,2653,#e5e7eb,⚠️ 미매핑,background,"function showClipboardFallbackModal(text, taskId, taskTitle,"
admin-status,2680,"rgba(34,197,94,0.2)",⚠️ 미매핑,?,try
admin-status,2681,"rgba(34,197,94,0.6)",⚠️ 미매핑,?,try
admin-status,2682,#86efac,--auto-text,?,try
admin-status,2691,"rgba(34,197,94,0.2)",⚠️ 미매핑,?,if (ok)
admin-status,2697,"rgba(239,68,68,0.15)",⚠️ 미매핑,?,if (ok)
admin-status,2698,#fca5a5,⚠️ 미매핑,?,if (ok)
admin-status,2752,"rgba(0,0,0,0.3)",⚠️ 미매핑,background,if (clipOk)
admin-status,2808,"rgba(147,51,234,0.15)",⚠️ 미매핑,background,if (clipOk)
admin-status,2808,"rgba(147,51,234,0.45)",⚠️ 미매핑,background,if (clipOk)
admin-status,2808,"rgba(0,0,0,0.3)",⚠️ 미매핑,background,if (clipOk)
admin-status,2808,#c4b5fd,⚠️ 미매핑,background,if (clipOk)
admin-status,2953,"rgba(99,102,241,0.08)",⚠️ 미매핑,background,".sort((a, b) =>"
admin-status,2953,"rgba(99,102,241,0.3)",⚠️ 미매핑,background,".sort((a, b) =>"
admin-status,2983,"rgba(22,163,74,0.20)",⚠️ 미매핑,background,wrap.innerHTML = filterBar + urgent.map(t =>
admin-status,2984,"rgba(96,165,250,0.20)",⚠️ 미매핑,background,wrap.innerHTML = filterBar + urgent.map(t =>
admin-status,2985,"rgba(251,191,36,0.20)",⚠️ 미매핑,background,wrap.innerHTML = filterBar + urgent.map(t =>
admin-status,3000,#fca5a5,⚠️ 미매핑,color,$
admin-status,3073,"rgba(99,102,241,0.3)",⚠️ 미매핑,color,"<span class=""urgent-pill $"
admin-status,3075,"rgba(99,102,241,0.05)",⚠️ 미매핑,background,"<div class=""progress-row"" data-cat=""$"
admin-status,3075,"rgba(99,102,241,0.3)",⚠️ 미매핑,background,"<div class=""progress-row"" data-cat=""$"
admin-status,3161,"rgba(99,102,241,0.3)",⚠️ 미매핑,color,"<span class=""reason"">$"
admin-status,3314,#e2e8f0,⚠️ 미매핑,border-top,$
admin-status,3849,"rgba(251,191,36,0.5)",⚠️ 미매핑,?,if (barFill)
admin-status,3853,"rgba(251,191,36,0.08)",⚠️ 미매핑,color,if (stepsEl)
admin-status,3853,"rgba(251,191,36,0.3)",⚠️ 미매핑,color,if (stepsEl)
admin-status,3853,#fbbf24,⚠️ 미매핑,color,if (stepsEl)
admin-status,3978,"rgba(147,51,234,0.25)",⚠️ 미매핑,background,"<div class=""auto-queue-card in-progress-card $"
admin-status,3978,#c4b5fd,⚠️ 미매핑,background,"<div class=""auto-queue-card in-progress-card $"
admin-status,3987,#c4b5fd,⚠️ 미매핑,color,$
admin-status,4534,"rgba(255,255,255,0.03)",⚠️ 미매핑,color,const botInfo =
admin-status,4594,#60a5fa,⚠️ 미매핑,color,<small>$
admin-status,4629,"rgba(251,191,36,0.10)",--ceo-bg,background,$
admin-status,4629,"rgba(251,191,36,0.4)",⚠️ 미매핑,background,$
admin-status,4629,#fcd34d,--ceo-text,background,$
admin-status,4637,"rgba(99,102,241,0.08)",⚠️ 미매핑,background,if (summary.hasAllBlocks)
admin-status,4637,"rgba(99,102,241,0.30)",⚠️ 미매핑,background,if (summary.hasAllBlocks)
admin-status,4645,"rgba(251,191,36,0.08)",⚠️ 미매핑,background,if (summary.hasAllBlocks)
admin-status,4645,"rgba(251,191,36,0.35)",⚠️ 미매핑,background,if (summary.hasAllBlocks)
admin-status,4645,#fcd34d,--ceo-text,background,if (summary.hasAllBlocks)
admin-status,4727,"rgba(99,102,241,1)",⚠️ 미매핑,?,$
admin-status,4728,"rgba(251,191,36,1)",⚠️ 미매핑,?,$
admin-status,4729,"rgba(34,197,94,1)",⚠️ 미매핑,?,$
admin-status,4730,"rgba(16,185,129,1)",⚠️ 미매핑,?,$
admin-status,4731,"rgba(244,114,182,1)",⚠️ 미매핑,?,$
admin-status,4826,"rgba(99,102,241,0.15)",⚠️ 미매핑,background,function renderFrontmatterBox(fm)
admin-status,4871,"rgba(255,255,255,0.03)",⚠️ 미매핑,color,const botInfo =
admin-status,4927,"rgba(255,255,255,0.05)",--glass,background,if (!sections.length)
admin-status,5435,"rgba(147,51,234,0.25)",⚠️ 미매핑,background,"listEl.innerHTML = filtered.slice(0, 12).map((t, idx) =>"
admin-status,5435,#c4b5fd,⚠️ 미매핑,background,"listEl.innerHTML = filtered.slice(0, 12).map((t, idx) =>"
admin-status,5437,"rgba(239,68,68,0.25)",⚠️ 미매핑,background,"listEl.innerHTML = filtered.slice(0, 12).map((t, idx) =>"
admin-status,5437,#fca5a5,⚠️ 미매핑,background,"listEl.innerHTML = filtered.slice(0, 12).map((t, idx) =>"
admin-status,5440,"rgba(34,197,94,0.25)",⚠️ 미매핑,background,"? `<button data-task-id=""$"
admin-status,5440,"rgba(34,197,94,0.5)",⚠️ 미매핑,background,"? `<button data-task-id=""$"
admin-status,5440,#86efac,--auto-text,background,"? `<button data-task-id=""$"
admin-status,5443,"rgba(15,23,42,0.4)",⚠️ 미매핑,background,"? `<button data-task-id=""$"
admin-status,5443,"rgba(99,102,241,0.15)",⚠️ 미매핑,background,"? `<button data-task-id=""$"
admin,16,#f5f5f7,⚠️ 미매핑,?,html
admin,17,#0A0A0F,--bg,background,body
admin,17,#FAFAFA,--ink,background,body
admin,24,"rgba(10,10,15,.72)",⚠️ 미매핑,background,.ad-sidebar
admin,24,"rgba(255,255,255,.14)",--line-2,background,.ad-sidebar
admin,24,#FAFAFA,--ink,background,.ad-sidebar
admin,25,"rgba(255,255,255,.08)",--glass-2/--line,border-bottom,.ad-sidebar-head
admin,26,#FAFAFA,--ink,color,.ad-sb-logo
admin,27,"rgba(124,58,237,.4)",⚠️ 미매핑,background,.ad-sb-logo-icon
admin,27,#7C3AED,--aurora-1,background,.ad-sb-logo-icon
admin,27,#EC4899,--aurora-2,background,.ad-sb-logo-icon
admin,27,#F59E0B,--warn,background,.ad-sb-logo-icon
admin,27,#06B6D4,--info,background,.ad-sb-logo-icon
admin,27,#fff,--ink,background,.ad-sb-logo-icon
admin,29,#EC4899,--aurora-2,background,.ad-sb-badge
admin,29,#F59E0B,--warn,background,.ad-sb-badge
admin,29,#fff,--ink,background,.ad-sb-badge
admin,31,#6E6E80,--ink-4,color,.ad-sb-section
admin,32,#A0A0B0,--ink-3,border-radius,.ad-sb-item
admin,33,"rgba(255,255,255,.08)",--glass-2/--line,background,.ad-sb-item:hover
admin,33,#FAFAFA,--ink,background,.ad-sb-item:hover
admin,34,"rgba(124,58,237,.4)",⚠️ 미매핑,background,.ad-sb-item.active
admin,34,#7C3AED,--aurora-1,background,.ad-sb-item.active
admin,34,#EC4899,--aurora-2,background,.ad-sb-item.active
admin,34,#F59E0B,--warn,background,.ad-sb-item.active
admin,34,#06B6D4,--info,background,.ad-sb-item.active
admin,34,#fff,--ink,background,.ad-sb-item.active
admin,36,"rgba(255,255,255,.08)",--glass-2/--line,border-top,.ad-sb-foot
admin,36,#6E6E80,--ink-4,border-top,.ad-sb-foot
admin,37,#E5E5EE,--ink-2,color,.ad-sb-foot-email
admin,38,"rgba(255,255,255,.08)",--glass-2/--line,background,".ad-sb-foot a, .ad-sb-foot button"
admin,38,"rgba(255,255,255,.14)",--line-2,background,".ad-sb-foot a, .ad-sb-foot button"
admin,38,#FAFAFA,--ink,background,".ad-sb-foot a, .ad-sb-foot button"
admin,39,"rgba(255,255,255,.12)",--glass-3,background,".ad-sb-foot a:hover, .ad-sb-foot button:hover"
admin,39,#fff,--ink,background,".ad-sb-foot a:hover, .ad-sb-foot button:hover"
admin,45,"rgba(10,10,15,.72)",⚠️ 미매핑,background,.ad-topbar
admin,45,"rgba(255,255,255,.14)",--line-2,background,.ad-topbar
admin,45,#FAFAFA,--ink,background,.ad-topbar
admin,46,#FAFAFA,--ink,color,.ad-logo
admin,47,"rgba(124,58,237,.35)",⚠️ 미매핑,background,.ad-logo-icon
admin,47,#7C3AED,--aurora-1,background,.ad-logo-icon
admin,47,#EC4899,--aurora-2,background,.ad-logo-icon
admin,47,#06B6D4,--info,background,.ad-logo-icon
admin,47,#fff,--ink,background,.ad-logo-icon
admin,49,#EC4899,--aurora-2,background,.ad-badge
admin,49,#F59E0B,--warn,background,.ad-badge
admin,49,#fff,--ink,background,.ad-badge
admin,50,#A0A0B0,--ink-3,color,.ad-nav-right
admin,51,"rgba(255,255,255,.08)",--glass-2/--line,background,.ad-logout
admin,51,"rgba(255,255,255,.14)",--line-2,background,.ad-logout
admin,51,#FAFAFA,--ink,background,.ad-logout
admin,52,"rgba(255,255,255,.12)",--glass-3,background,.ad-logout:hover
admin,55,#FAFAFA,--ink,color,.ad-h1
admin,56,#A0A0B0,--ink-3,color,.ad-h1-sub
admin,58,"rgba(255,255,255,.05)",--glass,background,.ad-stat
admin,58,"rgba(255,255,255,.14)",--line-2,background,.ad-stat
admin,58,#FAFAFA,--ink,background,.ad-stat
admin,59,#A0A0B0,--ink-3,color,.ad-stat-lbl
admin,60,#FAFAFA,--ink,color,.ad-stat-val
admin,61,"rgba(255,255,255,.05)",--glass,background,.ad-card
admin,61,"rgba(255,255,255,.14)",--line-2,background,.ad-card
admin,61,#E5E5EE,--ink-2,background,.ad-card
admin,63,#FAFAFA,--ink,color,.ad-card-h h3
admin,65,"rgba(255,255,255,.08)",--glass-2/--line,border-radius,.ad-filter
admin,65,"rgba(255,255,255,.08)",--glass-2/--line,border-radius,.ad-filter
admin,65,#A0A0B0,--ink-3,border-radius,.ad-filter
admin,66,"rgba(255,255,255,.12)",--glass-3,background,.ad-filter:hover
admin,66,#E5E5EE,--ink-2,background,.ad-filter:hover
admin,67,"rgba(124,58,237,.35)",⚠️ 미매핑,background,.ad-filter.active
admin,67,#7C3AED,--aurora-1,background,.ad-filter.active
admin,67,#EC4899,--aurora-2,background,.ad-filter.active
admin,67,#06B6D4,--info,background,.ad-filter.active
admin,67,#fff,--ink,background,.ad-filter.active
admin,69,#E5E5EE,--ink-2,border-collapse,.ad-table
admin,70,"rgba(255,255,255,.05)",--glass,background,.ad-table th
admin,70,"rgba(255,255,255,.14)",--line-2,background,.ad-table th
admin,70,#A0A0B0,--ink-3,background,.ad-table th
admin,71,"rgba(255,255,255,.08)",--glass-2/--line,border-bottom,.ad-table td
admin,72,"rgba(255,255,255,.06)",⚠️ 미매핑,background,.ad-table tr:hover
admin,73,#fff,--ink,border-radius,.ad-status
admin,75,"rgba(124,58,237,.35)",⚠️ 미매핑,background,.ad-btn-primary
admin,75,#7C3AED,--aurora-1,background,.ad-btn-primary
admin,75,#EC4899,--aurora-2,background,.ad-btn-primary
admin,75,#06B6D4,--info,background,.ad-btn-primary
admin,75,#fff,--ink,background,.ad-btn-primary
admin,76,"rgba(124,58,237,.5)",⚠️ 미매핑,box-shadow,.ad-btn-primary:hover
admin,77,#10B981,--success,background,.ad-btn-success
admin,77,#34D399,⚠️ 미매핑,background,.ad-btn-success
admin,77,#fff,--ink,background,.ad-btn-success
admin,78,#F59E0B,--warn,background,.ad-btn-warning
admin,78,#FBBF24,⚠️ 미매핑,background,.ad-btn-warning
admin,78,#1a1a1a,⚠️ 미매핑,background,.ad-btn-warning
admin,79,#EF4444,--danger,background,.ad-btn-danger
admin,79,#F87171,⚠️ 미매핑,background,.ad-btn-danger
admin,79,#fff,--ink,background,.ad-btn-danger
admin,80,"rgba(255,255,255,.08)",--glass-2/--line,background,.ad-btn-secondary
admin,80,"rgba(255,255,255,.14)",--line-2,background,.ad-btn-secondary
admin,80,#FAFAFA,--ink,background,.ad-btn-secondary
admin,81,"rgba(255,255,255,.12)",--glass-3,background,.ad-btn-secondary:hover
admin,82,#A0A0B0,--ink-3,color,.ad-empty
admin,83,"rgba(255,255,255,.14)",--line-2,border,.ad-loader
admin,83,#7C3AED,--aurora-1,border,.ad-loader
admin,85,#A0A0B0,--ink-3,color,.ad-loading
admin,86,"rgba(5,5,10,.72)",⚠️ 미매핑,background,.ad-modal-overlay
admin,88,"rgba(20,20,28,.92)",⚠️ 미매핑,background,.ad-modal
admin,88,"rgba(255,255,255,.14)",--line-2,background,.ad-modal
admin,88,"rgba(0,0,0,.6)",--sh-shadow-deep,background,.ad-modal
admin,88,#E5E5EE,--ink-2,background,.ad-modal
admin,90,#FAFAFA,--ink,color,.ad-modal-h h3
admin,91,#A0A0B0,--ink-3,background,.ad-close
admin,92,#FAFAFA,--ink,color,.ad-close:hover
admin,94,#A0A0B0,--ink-3,color,.ad-detail-key
admin,95,#FAFAFA,--ink,color,.ad-detail-val
admin,96,"rgba(255,255,255,.14)",--line-2,border-top,.ad-action-row
admin,98,"rgba(255,255,255,.08)",--glass-2/--line,background,.ad-photo
admin,98,"rgba(255,255,255,.08)",--glass-2/--line,background,.ad-photo
admin,99,"rgba(255,255,255,.14)",--line-2,border,.ad-textarea
admin,99,"rgba(255,255,255,.06)",⚠️ 미매핑,border,.ad-textarea
admin,99,#FAFAFA,--ink,border,.ad-textarea
admin,100,#6E6E80,--ink-4,color,.ad-textarea::placeholder
admin,101,"rgba(124,58,237,.18)",⚠️ 미매핑,outline,.ad-textarea:focus
admin,101,#7C3AED,--aurora-1,outline,.ad-textarea:focus
admin,108,"rgba(255,255,255,.08)",--glass-2/--line,border-bottom,.ad-sidebar-head
admin,119,#e8e8e8,⚠️ 미매핑,border-bottom,.bk-subtabs
admin,120,#777,⚠️ 미매핑,border,.bk-subtab
admin,121,#1a1a1a,⚠️ 미매핑,color,.bk-subtab:hover
admin,122,#534AB7,⚠️ 미매핑,color,.bk-subtab.active
admin,122,#534AB7,⚠️ 미매핑,color,.bk-subtab.active
admin,125,#666,⚠️ 미매핑,color,.bk-form-grid label
admin,126,#d8d8d8,⚠️ 미매핑,border,".bk-form-grid input,.bk-form-grid select,.bk-form-grid texta"
admin,126,#fff,--ink,border,".bk-form-grid input,.bk-form-grid select,.bk-form-grid texta"
admin,127,"rgba(83,74,183,.1)",⚠️ 미매핑,outline,".bk-form-grid input,.bk-form-grid select,.bk-form-grid texta"
admin,127,#534AB7,⚠️ 미매핑,outline,".bk-form-grid input,.bk-form-grid select,.bk-form-grid texta"
admin,128,#999,⚠️ 미매핑,color,.bk-section
admin,128,#f0f0f0,⚠️ 미매핑,color,.bk-section
admin,130,#c93030,⚠️ 미매핑,color,.bk-required::after
admin,133,#c9c9d5,⚠️ 미매핑,border,.bk-drop
admin,133,#fafaff,⚠️ 미매핑,border,.bk-drop
admin,134,#534AB7,⚠️ 미매핑,border-color,".bk-drop:hover,.bk-drop.dragover"
admin,134,#f4f3ff,⚠️ 미매핑,border-color,".bk-drop:hover,.bk-drop.dragover"
admin,136,#555,⚠️ 미매핑,color,.bk-drop-text
admin,137,#999,⚠️ 미매핑,color,.bk-drop-sub
admin,139,#f7f7fb,⚠️ 미매핑,background,.bk-file-item
admin,141,#999,⚠️ 미매핑,color,.bk-file-item .bk-file-size
admin,142,#c93030,⚠️ 미매핑,background,.bk-file-rm
admin,143,#eee,⚠️ 미매핑,background,.bk-progress
admin,144,#534AB7,⚠️ 미매핑,background,.bk-progress-bar
admin,145,#f7f7fb,⚠️ 미매핑,background,.bk-result-card
admin,147,#fff,--ink,background,.bk-result-stat
admin,148,#1a1a1a,⚠️ 미매핑,color,.bk-result-stat-val
admin,149,#888,⚠️ 미매핑,color,.bk-result-stat-lbl
admin,150,#fff,--ink,background,.bk-result-list
admin,151,#f0f0f0,⚠️ 미매핑,border-bottom,.bk-result-row
admin,153,#fff,--ink,border-radius,.bk-result-tag
admin,154,#0a7c3a,⚠️ 미매핑,background,.bk-result-tag.new
admin,155,#534AB7,⚠️ 미매핑,background,.bk-result-tag.upd
admin,156,#999,⚠️ 미매핑,background,.bk-result-tag.skp
admin,157,#c93030,⚠️ 미매핑,background,.bk-result-tag.err
admin,166,#f8f7f4,⚠️ 미매핑,?,#tab-analytics
admin,166,#fff,--ink,?,#tab-analytics
admin,166,#1a1a1a,⚠️ 미매핑,?,#tab-analytics
admin,166,#666,⚠️ 미매핑,?,#tab-analytics
admin,166,#999,⚠️ 미매핑,?,#tab-analytics
admin,166,#e8e6e1,⚠️ 미매핑,?,#tab-analytics
admin,166,#534AB7,⚠️ 미매핑,?,#tab-analytics
admin,166,#1D9E75,⚠️ 미매핑,?,#tab-analytics
admin,166,#D85A30,⚠️ 미매핑,?,#tab-analytics
admin,166,#378ADD,⚠️ 미매핑,?,#tab-analytics
admin,171,#E1F5EE,⚠️ 미매핑,background,#tab-analytics .H .u
admin,171,#0F6E56,⚠️ 미매핑,background,#tab-analytics .H .u
admin,183,#f0eee9,⚠️ 미매핑,border-bottom,#tab-analytics td
admin,183,#faf9f6,⚠️ 미매핑,border-bottom,#tab-analytics td
admin,184,#f0eef8,⚠️ 미매핑,background,#tab-analytics tr.ck
admin,187,#FFD700,⚠️ 미매핑,background,#tab-analytics .r1
admin,187,#7a6200,⚠️ 미매핑,background,#tab-analytics .r1
admin,187,#C0C0C0,⚠️ 미매핑,background,#tab-analytics .r1
admin,187,#555,⚠️ 미매핑,background,#tab-analytics .r1
admin,187,#CD7F32,⚠️ 미매핑,background,#tab-analytics .r1
admin,187,#fff,--ink,background,#tab-analytics .r1
admin,187,#f0eee9,⚠️ 미매핑,background,#tab-analytics .r1
admin,187,#888,⚠️ 미매핑,background,#tab-analytics .r1
admin,189,#EEEDFE,⚠️ 미매핑,background,#tab-analytics .bk
admin,189,#534AB7,⚠️ 미매핑,background,#tab-analytics .bk
admin,189,#FAECE7,⚠️ 미매핑,background,#tab-analytics .bk
admin,189,#D85A30,⚠️ 미매핑,background,#tab-analytics .bk
admin,189,#E6F1FB,⚠️ 미매핑,background,#tab-analytics .bk
admin,189,#378ADD,⚠️ 미매핑,background,#tab-analytics .bk
admin,189,#E1F5EE,⚠️ 미매핑,background,#tab-analytics .bk
admin,189,#0F6E56,⚠️ 미매핑,background,#tab-analytics .bk
admin,189,#FBEAF0,⚠️ 미매핑,background,#tab-analytics .bk
admin,189,#993556,⚠️ 미매핑,background,#tab-analytics .bk
admin,190,#EF9F27,⚠️ 미매핑,color,#tab-analytics .st
admin,193,#f8f0ff,⚠️ 미매핑,background,#tab-analytics .pb
admin,193,#f0f0ff,⚠️ 미매핑,background,#tab-analytics .pb
admin,193,#d4c8f0,⚠️ 미매핑,background,#tab-analytics .pb
admin,194,#534AB7,⚠️ 미매핑,color,#tab-analytics .pb h4
admin,194,#333,⚠️ 미매핑,color,#tab-analytics .pb h4
admin,197,#fff,--ink,background,#tab-analytics .fb.on
admin,198,#BA7517,⚠️ 미매핑,color,#tab-analytics .pn
admin,198,#FAEEDA,⚠️ 미매핑,color,#tab-analytics .pn
admin,201,#fff,--ink,border-right,#tab-analytics .vb:last-child
admin,213,#fff,--ink,background,#tab-analytics .pg button.on
admin,217,#fff,--ink,background,#tab-agoda-matching .am-card
admin,217,#e8e8e8,⚠️ 미매핑,background,#tab-agoda-matching .am-card
admin,218,"rgba(0,0,0,.04)",⚠️ 미매핑,border-color,#tab-agoda-matching .am-card:hover
admin,218,#d0d0d0,⚠️ 미매핑,border-color,#tab-agoda-matching .am-card:hover
admin,219,#f0f0f0,⚠️ 미매핑,border-bottom,#tab-agoda-matching .am-card-h
admin,221,#1a1a1a,⚠️ 미매핑,color,#tab-agoda-matching .am-card-title h4
admin,223,#999,⚠️ 미매핑,color,#tab-agoda-matching .am-card-date
admin,226,#999,⚠️ 미매핑,color,#tab-agoda-matching .am-row-k
admin,227,#333,⚠️ 미매핑,color,#tab-agoda-matching .am-row-v
admin,228,#534AB7,⚠️ 미매핑,color,#tab-agoda-matching .am-row-v a
admin,230,#888,⚠️ 미매핑,color,#tab-agoda-matching .am-pos
admin,231,#f0f0f0,⚠️ 미매핑,border-top,#tab-agoda-matching .am-card-actions
admin,233,#fff,--ink,background,#tab-agoda-matching .ad-btn-danger
admin,233,#c93030,⚠️ 미매핑,background,#tab-agoda-matching .ad-btn-danger
admin,233,#f0c8c8,⚠️ 미매핑,background,#tab-agoda-matching .ad-btn-danger
admin,234,#fef0f0,⚠️ 미매핑,background,#tab-agoda-matching .ad-btn-danger:hover
admin,235,#f5f5f5,⚠️ 미매핑,border-radius,#tab-agoda-matching .am-meta-pill
admin,235,#666,⚠️ 미매핑,border-radius,#tab-agoda-matching .am-meta-pill
admin,237,#fff5e6,⚠️ 미매핑,background,#tab-agoda-matching .am-badge-warn
admin,237,#a36d10,⚠️ 미매핑,background,#tab-agoda-matching .am-badge-warn
admin,237,#fcd9a8,⚠️ 미매핑,background,#tab-agoda-matching .am-badge-warn
admin,238,#e8f5e9,⚠️ 미매핑,background,#tab-agoda-matching .am-badge-success
admin,238,#0a7c3a,⚠️ 미매핑,background,#tab-agoda-matching .am-badge-success
admin,238,#a8d8b8,⚠️ 미매핑,background,#tab-agoda-matching .am-badge-success
admin,239,#eef5ff,⚠️ 미매핑,background,#tab-agoda-matching .am-badge-info
admin,239,#1d4ed8,⚠️ 미매핑,background,#tab-agoda-matching .am-badge-info
admin,239,#c8daf7,⚠️ 미매핑,background,#tab-agoda-matching .am-badge-info
admin,240,#fef0f0,⚠️ 미매핑,background,#tab-agoda-matching .am-badge-danger
admin,240,#c93030,⚠️ 미매핑,background,#tab-agoda-matching .am-badge-danger
admin,240,#f0c8c8,⚠️ 미매핑,background,#tab-agoda-matching .am-badge-danger
admin,241,#f5f5f5,⚠️ 미매핑,background,#tab-agoda-matching .am-badge-muted
admin,241,#888,⚠️ 미매핑,background,#tab-agoda-matching .am-badge-muted
admin,241,#e0e0e0,⚠️ 미매핑,background,#tab-agoda-matching .am-badge-muted
admin,248,"rgba(5,5,10,.72)",⚠️ 미매핑,background,.am-modal-backdrop
admin,250,"rgba(20,20,28,.92)",⚠️ 미매핑,background,.am-modal
admin,250,"rgba(255,255,255,.14)",--line-2,background,.am-modal
admin,250,"rgba(0,0,0,.6)",--sh-shadow-deep,background,.am-modal
admin,250,#E5E5EE,--ink-2,background,.am-modal
admin,252,"rgba(255,255,255,.14)",--line-2,border-bottom,.am-modal-h
admin,253,#FAFAFA,--ink,color,.am-modal-h h3
admin,254,#A0A0B0,--ink-3,background,.am-modal-close
admin,255,"rgba(255,255,255,.08)",--glass-2/--line,background,.am-modal-close:hover
admin,255,#FAFAFA,--ink,background,.am-modal-close:hover
admin,257,"rgba(255,255,255,.14)",--line-2,border-top,.am-modal-foot
admin,258,#f7f6ff,⚠️ 미매핑,background,.am-modal-info
admin,258,#e3deff,⚠️ 미매핑,background,.am-modal-info
admin,258,#333,⚠️ 미매핑,background,.am-modal-info
admin,259,#1a1a1a,⚠️ 미매핑,color,.am-modal-info strong
admin,261,#444,⚠️ 미매핑,color,.am-form-row label
admin,262,#d8d8d8,⚠️ 미매핑,border,".am-form-row input,.am-form-row textarea"
admin,263,"rgba(83,74,183,.12)",⚠️ 미매핑,outline,".am-form-row input:focus,.am-form-row textarea:focus"
admin,263,#534AB7,⚠️ 미매핑,outline,".am-form-row input:focus,.am-form-row textarea:focus"
admin,265,#888,⚠️ 미매핑,color,.am-form-help
admin,266,#f5f5f5,⚠️ 미매핑,background,.am-form-help code
admin,266,#534AB7,⚠️ 미매핑,background,.am-form-help code
admin,267,#f5f5f5,⚠️ 미매핑,background,.am-readonly-box
admin,267,#e0e0e0,⚠️ 미매핑,background,.am-readonly-box
admin,267,#555,⚠️ 미매핑,background,.am-readonly-box
admin,268,#eee,⚠️ 미매핑,border-top,.am-preview-area
admin,270,#666,⚠️ 미매핑,color,.am-preview-lbl
admin,271,#c93030,⚠️ 미매핑,background,"#tab-agoda-matching .ad-btn-danger,.am-modal-foot .ad-btn-da"
admin,271,#fff,--ink,background,"#tab-agoda-matching .ad-btn-danger,.am-modal-foot .ad-btn-da"
admin,271,#c93030,⚠️ 미매핑,background,"#tab-agoda-matching .ad-btn-danger,.am-modal-foot .ad-btn-da"
admin,272,#a82424,⚠️ 미매핑,background,"#tab-agoda-matching .ad-btn-danger:hover,.am-modal-foot .ad-"
admin,330,"rgba(79,70,229,.15)",⚠️ 미매핑,background,"#tab-agoda-matching .ad-btn-danger:hover,.am-modal-foot .ad-"
admin,330,#4f46e5,⚠️ 미매핑,background,"#tab-agoda-matching .ad-btn-danger:hover,.am-modal-foot .ad-"
admin,363,#e5e7eb,⚠️ 미매핑,border,"#tab-agoda-matching .ad-btn-danger:hover,.am-modal-foot .ad-"
admin,364,#111,⚠️ 미매핑,background,"#tab-agoda-matching .ad-btn-danger:hover,.am-modal-foot .ad-"
admin,364,#fff,--ink,background,"#tab-agoda-matching .ad-btn-danger:hover,.am-modal-foot .ad-"
admin,365,#fff,--ink,background,"#tab-agoda-matching .ad-btn-danger:hover,.am-modal-foot .ad-"
admin,365,#6b7280,⚠️ 미매핑,background,"#tab-agoda-matching .ad-btn-danger:hover,.am-modal-foot .ad-"
admin,365,#e5e7eb,⚠️ 미매핑,background,"#tab-agoda-matching .ad-btn-danger:hover,.am-modal-foot .ad-"
admin,375,#534AB7,⚠️ 미매핑,background,"#tab-agoda-matching .ad-btn-danger:hover,.am-modal-foot .ad-"
admin,375,#fff,--ink,background,"#tab-agoda-matching .ad-btn-danger:hover,.am-modal-foot .ad-"
admin,382,#555,⚠️ 미매핑,color,"#tab-agoda-matching .ad-btn-danger:hover,.am-modal-foot .ad-"
admin,383,#888,⚠️ 미매핑,color,"#tab-agoda-matching .ad-btn-danger:hover,.am-modal-foot .ad-"
admin,417,#e0e0e0,⚠️ 미매핑,border,"#tab-agoda-matching .ad-btn-danger:hover,.am-modal-foot .ad-"
admin,418,#e0e0e0,⚠️ 미매핑,border,"#tab-agoda-matching .ad-btn-danger:hover,.am-modal-foot .ad-"
admin,426,#e0e0e0,⚠️ 미매핑,border,"#tab-agoda-matching .ad-btn-danger:hover,.am-modal-foot .ad-"
admin,452,#777,⚠️ 미매핑,color,"#tab-agoda-matching .ad-btn-danger:hover,.am-modal-foot .ad-"
admin,460,#888,⚠️ 미매핑,color,"#tab-agoda-matching .ad-btn-danger:hover,.am-modal-foot .ad-"
admin,472,#e0e0e0,⚠️ 미매핑,border,"#tab-agoda-matching .ad-btn-danger:hover,.am-modal-foot .ad-"
admin,473,#888,⚠️ 미매핑,color,"#tab-agoda-matching .ad-btn-danger:hover,.am-modal-foot .ad-"
admin,491,#fafafa,--ink,background,"#tab-agoda-matching .ad-btn-danger:hover,.am-modal-foot .ad-"
admin,491,#e8e8e8,⚠️ 미매핑,background,"#tab-agoda-matching .ad-btn-danger:hover,.am-modal-foot .ad-"
admin,493,#666,⚠️ 미매핑,color,"#tab-agoda-matching .ad-btn-danger:hover,.am-modal-foot .ad-"
admin,505,#e0e0e0,⚠️ 미매핑,border,"#tab-agoda-matching .ad-btn-danger:hover,.am-modal-foot .ad-"
admin,609,#e0e0e0,⚠️ 미매핑,border,"#tab-agoda-matching .ad-btn-danger:hover,.am-modal-foot .ad-"
admin,626,#666,⚠️ 미매핑,color,"#tab-agoda-matching .ad-btn-danger:hover,.am-modal-foot .ad-"
admin,639,#fff,--ink,background,.ps-kpi
admin,639,#e8e8e8,⚠️ 미매핑,background,.ps-kpi
admin,641,"rgba(83,74,183,.10)",⚠️ 미매핑,box-shadow,.ps-kpi.ps-clickable:hover
admin,642,#888,⚠️ 미매핑,color,.ps-kpi-lbl
admin,643,#222,⚠️ 미매핑,color,.ps-kpi-val
admin,644,#666,⚠️ 미매핑,color,.ps-kpi-sub
admin,645,#f1f0f5,⚠️ 미매핑,background,.ps-kpi-bar
admin,649,#eee,⚠️ 미매핑,border-bottom,.ps-phase-row
admin,651,#333,⚠️ 미매핑,color,.ps-phase-name
admin,652,#f1f0f5,⚠️ 미매핑,background,.ps-phase-track
admin,653,#fff,--ink,border-radius,.ps-phase-fill
admin,654,#444,⚠️ 미매핑,color,.ps-phase-pct
admin,658,#f3f2f6,⚠️ 미매핑,border-bottom,.ps-timeline-row
admin,659,#fafafe,⚠️ 미매핑,background,.ps-timeline-row:hover
admin,661,#888,⚠️ 미매핑,color,.ps-timeline-date
admin,663,#222,⚠️ 미매핑,color,.ps-timeline-msg
admin,665,#534AB7,⚠️ 미매핑,color,.ps-timeline-link
admin,670,#fef2f2,⚠️ 미매핑,background,.ps-blocked-item
admin,670,#ef4444,--danger,background,.ps-blocked-item
admin,671,#fee5e5,⚠️ 미매핑,background,.ps-blocked-item:hover
admin,672,#b91c1c,⚠️ 미매핑,color,.ps-blocked-title
admin,673,#7c2222,⚠️ 미매핑,color,.ps-blocked-meta
admin,675,#f0f9f4,⚠️ 미매핑,background,.ps-upnext-item
admin,675,#22c55e,⚠️ 미매핑,background,.ps-upnext-item
admin,676,#15803d,⚠️ 미매핑,color,.ps-upnext-title
admin,677,#3f6f4d,⚠️ 미매핑,color,.ps-upnext-meta
admin,678,#22c55e,⚠️ 미매핑,background,.ps-upnext-num
admin,678,#fff,--ink,background,.ps-upnext-num
admin,683,#dcfce7,⚠️ 미매핑,background,.ps-badge-auto
admin,683,#15803d,⚠️ 미매핑,background,.ps-badge-auto
admin,683,#86efac,--auto-text,background,.ps-badge-auto
admin,684,#fef3c7,⚠️ 미매핑,background,.ps-badge-semi
admin,684,#92400e,⚠️ 미매핑,background,.ps-badge-semi
admin,684,#fcd34d,--ceo-text,background,.ps-badge-semi
admin,685,#fee2e2,⚠️ 미매핑,background,.ps-badge-blocked
admin,685,#b91c1c,⚠️ 미매핑,background,.ps-badge-blocked
admin,685,#fca5a5,⚠️ 미매핑,background,.ps-badge-blocked
admin,686,#eef2ff,⚠️ 미매핑,background,.ps-badge-time
admin,686,#3730a3,⚠️ 미매핑,background,.ps-badge-time
admin,686,#c7d2fe,⚠️ 미매핑,background,.ps-badge-time
admin,687,#f1f5f9,⚠️ 미매핑,background,.ps-badge-time-pending
admin,687,#64748b,⚠️ 미매핑,background,.ps-badge-time-pending
admin,687,#cbd5e1,⚠️ 미매핑,background,.ps-badge-time-pending
admin,690,#fff,--ink,background,.ps-copy-btn
admin,690,#d4d4d8,⚠️ 미매핑,background,.ps-copy-btn
admin,690,#52525b,⚠️ 미매핑,background,.ps-copy-btn
admin,691,#534AB7,⚠️ 미매핑,background,.ps-copy-btn:hover
admin,691,#fff,--ink,background,.ps-copy-btn:hover
admin,691,#534AB7,⚠️ 미매핑,background,.ps-copy-btn:hover
admin,692,#22c55e,⚠️ 미매핑,background,.ps-copy-btn.ps-copied
admin,692,#fff,--ink,background,.ps-copy-btn.ps-copied
admin,692,#22c55e,⚠️ 미매핑,background,.ps-copy-btn.ps-copied
admin,696,"rgba(0,0,0,.18)",⚠️ 미매핑,background,.ps-toast
admin,696,#1f2937,⚠️ 미매핑,background,.ps-toast
admin,696,#fff,--ink,background,.ps-toast
admin,701,#534AB7,⚠️ 미매핑,color,.ps-section-h .ps-refresh
admin,701,#534AB7,⚠️ 미매핑,color,.ps-section-h .ps-refresh
admin,702,#534AB7,⚠️ 미매핑,background,.ps-section-h .ps-refresh:hover
admin,702,#fff,--ink,background,.ps-section-h .ps-refresh:hover
admin,703,#999,⚠️ 미매핑,color,.ps-empty
admin,704,#888,⚠️ 미매핑,color,.ps-rate
admin,713,#534AB7,⚠️ 미매핑,background,.ps-rate
admin,719,#3b82f6,⚠️ 미매핑,background,.ps-rate
admin,725,#22c55e,⚠️ 미매핑,background,.ps-rate
admin,731,#ef4444,--danger,background,.ps-rate
admin,797,#666,⚠️ 미매핑,color,.ps-rate
admin,798,#e0e0e0,⚠️ 미매핑,border,.ps-rate
admin,799,#888,⚠️ 미매핑,color,.ps-rate
admin,802,#666,⚠️ 미매핑,color,.ps-rate
admin,803,#e0e0e0,⚠️ 미매핑,border,.ps-rate
admin,806,#666,⚠️ 미매핑,color,.ps-rate
admin,807,#e0e0e0,⚠️ 미매핑,border,.ps-rate
admin,807,#fff,--ink,border,.ps-rate
admin,1196,#22c55e,⚠️ 미매핑,?,function psBarColor(pct)
admin,1197,#3b82f6,⚠️ 미매핑,?,function psBarColor(pct)
admin,1198,#f59e0b,--warn,?,function psBarColor(pct)
admin,1199,#ef4444,--danger,?,function psBarColor(pct)
admin,1358,#ef4444,--danger,?,if (bar)
admin,1358,#f59e0b,--warn,?,if (bar)
admin,1358,#22c55e,⚠️ 미매핑,?,if (bar)
admin,1363,#dc2626,⚠️ 미매핑,?,if (card)
admin,1363,#d97706,⚠️ 미매핑,?,if (card)
admin,1363,#15803d,⚠️ 미매핑,?,if (card)
admin,1413,#22c55e,⚠️ 미매핑,?,if (bar)
admin,1413,#f59e0b,--warn,?,if (bar)
admin,1413,#ef4444,--danger,?,if (bar)
admin,1529,#eee,⚠️ 미매핑,?,if (!m) return
admin,1529,#666,⚠️ 미매핑,?,if (!m) return
admin,1532,#fee2e2,⚠️ 미매핑,?,if (/P0.*버그|P0\s*fix/i.test(tag))   return
admin,1532,#b91c1c,⚠️ 미매핑,?,if (/P0.*버그|P0\s*fix/i.test(tag))   return
admin,1533,#fef3c7,⚠️ 미매핑,?,if (/버그|bug|fix/i.test(tag))         return
admin,1533,#92400e,⚠️ 미매핑,?,if (/버그|bug|fix/i.test(tag))         return
admin,1534,#dbeafe,⚠️ 미매핑,?,if (/리팩|refactor/i.test(tag))         return
admin,1534,#1e40af,⚠️ 미매핑,?,if (/리팩|refactor/i.test(tag))         return
admin,1535,#dcfce7,⚠️ 미매핑,?,if (/기능|feat|추가/i.test(tag))        return
admin,1535,#15803d,⚠️ 미매핑,?,if (/기능|feat|추가/i.test(tag))        return
admin,1536,#f3e8ff,⚠️ 미매핑,?,if (/문서|docs|chore/i.test(tag))       return
admin,1536,#6b21a8,⚠️ 미매핑,?,if (/문서|docs|chore/i.test(tag))       return
admin,1537,#f1f5f9,⚠️ 미매핑,?,return
admin,1537,#475569,⚠️ 미매핑,?,return
admin,1754,#15803d,⚠️ 미매핑,color,"items.forEach(function(it, idx)"
admin,1911,#c93030,⚠️ 미매핑,color,var posMap =
admin,2386,#0a7c3a,⚠️ 미매핑,background,filtered.forEach(function(m)
admin,2387,#999,⚠️ 미매핑,background,filtered.forEach(function(m)
admin,2388,#c93030,⚠️ 미매핑,background,filtered.forEach(function(m)
admin,2390,#888,⚠️ 미매핑,color,m.hotels.map(function(h)
admin,2391,#aaa,⚠️ 미매핑,color,m.hotels.map(function(h)
admin,2431,#534AB7,⚠️ 미매핑,?,admins.forEach(function(a)
admin,2431,#0a7c3a,⚠️ 미매핑,?,admins.forEach(function(a)
admin,2431,#888,⚠️ 미매핑,?,admins.forEach(function(a)
admin,2433,#0a7c3a,⚠️ 미매핑,background,admins.forEach(function(a)
admin,2434,#c93030,⚠️ 미매핑,background,admins.forEach(function(a)
admin,2441,#aaa,⚠️ 미매핑,color,if (a.role !== 'super_admin')
admin,2649,#888,⚠️ 미매핑,color,filtered.forEach(function(h)
admin,2655,#888,⚠️ 미매핑,color,filtered.forEach(function(h)
admin,2913,#999,⚠️ 미매핑,?,var statusColor =
admin,2913,#534AB7,⚠️ 미매핑,?,var statusColor =
admin,2913,#0a7c3a,⚠️ 미매핑,?,var statusColor =
admin,2914,#c93030,⚠️ 미매핑,?,var statusColor =
admin,2914,#888,⚠️ 미매핑,?,var statusColor =
admin,2917,#f0a830,⚠️ 미매핑,?,var payColor =
admin,2917,#0a7c3a,⚠️ 미매핑,?,var payColor =
admin,2917,#c93030,⚠️ 미매핑,?,var payColor =
admin,2917,#888,⚠️ 미매핑,?,var payColor =
admin,2926,#999,⚠️ 미매핑,color,rows.forEach(function(b)
admin,2927,#999,⚠️ 미매핑,color,rows.forEach(function(b)
admin,2928,#999,⚠️ 미매핑,color,rows.forEach(function(b)
admin,2929,#0a7c3a,⚠️ 미매핑,color,rows.forEach(function(b)
admin,2930,#534AB7,⚠️ 미매핑,background,rows.forEach(function(b)
admin,2930,#bbb,⚠️ 미매핑,background,rows.forEach(function(b)
admin,2931,#999,⚠️ 미매핑,background,rows.forEach(function(b)
admin,2932,#999,⚠️ 미매핑,background,rows.forEach(function(b)
admin,2937,#999,⚠️ 미매핑,color,rows.forEach(function(b)
admin,3400,#c93030,⚠️ 미매핑,color,if (!cidColOverride && (hNorm === 'cid' || hNorm === 'affili
admin,3404,#f0f0f0,⚠️ 미매핑,border-collapse,if (!cidColOverride && (hNorm === 'cid' || hNorm === 'affili
admin,3406,#fff3a5,⚠️ 미매핑,background,"headers.forEach(function(h, i)"
admin,3407,#ddd,⚠️ 미매핑,border,"headers.forEach(function(h, i)"
admin,3416,#fffbe0,⚠️ 미매핑,background,"headers.forEach(function(_, i)"
admin,3417,#eee,⚠️ 미매핑,border,"headers.forEach(function(_, i)"
admin,3425,#c93030,⚠️ 미매핑,color,"headers.forEach(function(_, i)"
admin,3478,#c93030,⚠️ 미매핑,color,if (allRowsAcrossFiles.length === 0)
admin,3530,#0a7c3a,⚠️ 미매핑,color,if (s && s.reason && s.reason.indexOf('unknown cid:') === 0)
admin,3531,#888,⚠️ 미매핑,color,if (s && s.reason && s.reason.indexOf('unknown cid:') === 0)
admin,3532,#c97a07,⚠️ 미매핑,color,if (s && s.reason && s.reason.indexOf('unknown cid:') === 0)
admin,3533,#c93030,⚠️ 미매핑,color,if (s && s.reason && s.reason.indexOf('unknown cid:') === 0)
admin,3533,#1a1a1a,⚠️ 미매핑,color,if (s && s.reason && s.reason.indexOf('unknown cid:') === 0)
admin,3545,#eee,⚠️ 미매핑,border-top,if (unknownKeys.length)
admin,3549,#888,⚠️ 미매핑,color,unknownKeys.forEach(function(c)
admin,3728,#0a7c3a,⚠️ 미매핑,color,function renderUploadResult(r)
admin,3729,#534AB7,⚠️ 미매핑,color,function renderUploadResult(r)
admin,3730,#999,⚠️ 미매핑,color,function renderUploadResult(r)
admin,3731,#c93030,⚠️ 미매핑,color,function renderUploadResult(r)
admin,3731,#1a1a1a,⚠️ 미매핑,color,function renderUploadResult(r)
admin,3797,#534AB7,⚠️ 미매핑,background,rows.forEach(function(b)
admin,3799,#999,⚠️ 미매핑,color,rows.forEach(function(b)
admin,3800,#999,⚠️ 미매핑,color,rows.forEach(function(b)
admin,3802,#0a7c3a,⚠️ 미매핑,color,rows.forEach(function(b)
admin,3804,#999,⚠️ 미매핑,color,rows.forEach(function(b)
admin,3807,#999,⚠️ 미매핑,color,rows.forEach(function(b)
admin,3838,#902,⚠️ 미매핑,?,const D=
admin,3838,#902,⚠️ 미매핑,?,const D=
admin,3878,"rgba(83,74,183,.7)",⚠️ 미매핑,color,"ch_.push(new Chart(document.getElementById('c1'),"
admin,3878,#f0eee9,⚠️ 미매핑,color,"ch_.push(new Chart(document.getElementById('c1'),"
admin,3879,"rgba(83,74,183,.12)",⚠️ 미매핑,fill,"ch_.push(new Chart(document.getElementById('c2'),"
admin,3879,#1D9E75,⚠️ 미매핑,fill,"ch_.push(new Chart(document.getElementById('c2'),"
admin,3879,#534AB7,⚠️ 미매핑,fill,"ch_.push(new Chart(document.getElementById('c2'),"
admin,3879,#f0eee9,⚠️ 미매핑,fill,"ch_.push(new Chart(document.getElementById('c2'),"
admin,3882,#534AB7,⚠️ 미매핑,?,function iCC()
admin,3882,#1D9E75,⚠️ 미매핑,?,function iCC()
admin,3882,#D85A30,⚠️ 미매핑,?,function iCC()
admin,3882,#378ADD,⚠️ 미매핑,?,function iCC()
admin,3882,#D4537E,⚠️ 미매핑,?,function iCC()
admin,3882,#639922,⚠️ 미매핑,?,function iCC()
admin,3882,#BA7517,⚠️ 미매핑,?,function iCC()
admin,3895,#faf9f6,⚠️ 미매핑,color,bks.map(function(b)
admin,3956,#f0eef8,⚠️ 미매핑,background,if(calDay)
admin,3964,#f8f7f4,⚠️ 미매핑,background,Array.from(
admin,3964,#E1F5EE,⚠️ 미매핑,background,Array.from(
admin,3964,#9FE1CB,⚠️ 미매핑,background,Array.from(
admin,3964,#5DCAA5,⚠️ 미매핑,background,Array.from(
admin,3964,#1D9E75,⚠️ 미매핑,background,Array.from(
admin,3964,#fff,--ink,background,Array.from(
admin,3969,#D85A30,⚠️ 미매핑,color,function iPC()
admin,3969,#534AB7,⚠️ 미매핑,color,function iPC()
admin,3969,#f0eee9,⚠️ 미매핑,color,function iPC()
admin,3969,#1D9E75,⚠️ 미매핑,color,function iPC()
admin,3969,#f0eee9,⚠️ 미매핑,color,function iPC()
admin,3972,#f0eee9,⚠️ 미매핑,color,function iSC()
admin,3972,#1D9E75,⚠️ 미매핑,color,function iSC()
admin,3972,#378ADD,⚠️ 미매핑,color,function iSC()
admin,3972,#534AB7,⚠️ 미매핑,color,function iSC()
admin,3972,#f0eee9,⚠️ 미매핑,color,function iSC()
admin,4065,#0a7c3a,⚠️ 미매핑,?,if(status)
admin,4496,#111,⚠️ 미매핑,?,if (enBtn)
admin,4496,#fff,--ink,?,if (enBtn)
admin,4497,#fff,--ink,?,if (enBtn)
admin,4497,#6b7280,⚠️ 미매핑,?,if (enBtn)
admin,4501,#111,⚠️ 미매핑,?,if (koBtn)
admin,4501,#fff,--ink,?,if (koBtn)
admin,4502,#fff,--ink,?,if (koBtn)
admin,4502,#6b7280,⚠️ 미매핑,?,if (koBtn)
admin,4648,#e8e8e8,⚠️ 미매핑,border,setTimeout(function()
admin,4648,#fff,--ink,border,setTimeout(function()
admin,4671,#fef0f0,⚠️ 미매핑,background,setTimeout(function()
admin,4671,#f0c8c8,⚠️ 미매핑,background,setTimeout(function()
admin,4671,#9a2020,⚠️ 미매핑,background,setTimeout(function()
